benchmark,nanos,unixts.after,unixts.before
db-shootout,9473952436,1587025033843,1587025024369
db-shootout,7778240932,1587025041622,1587025033844
db-shootout,8048233922,1587025049670,1587025041622
db-shootout,7241780688,1587025056912,1587025049670
db-shootout,7265046949,1587025064178,1587025056913
db-shootout,7305626601,1587025071483,1587025064178
db-shootout,6956368549,1587025078440,1587025071484
db-shootout,7363976820,1587025085804,1587025078440
db-shootout,7440234753,1587025093245,1587025085804
db-shootout,7673555700,1587025100918,1587025093245
db-shootout,7326956164,1587025108245,1587025100918
db-shootout,7357409019,1587025115603,1587025108245
db-shootout,6876360039,1587025122479,1587025115603
db-shootout,7258383106,1587025129738,1587025122480
db-shootout,9907670253,1587025139646,1587025129738
db-shootout,7302578997,1587025146949,1587025139646
naive-bayes,16129710255,1587026877325,1587026861195
naive-bayes,11075583161,1587026888401,1587026877325
naive-bayes,9449588301,1587026897850,1587026888401
naive-bayes,10216475521,1587026908067,1587026897850
naive-bayes,9213143195,1587026917280,1587026908067
naive-bayes,9454879579,1587026926735,1587026917280
naive-bayes,9537138453,1587026936272,1587026926735
naive-bayes,9169964319,1587026945442,1587026936272
naive-bayes,9308694358,1587026954751,1587026945443
naive-bayes,9538063205,1587026964289,1587026954751
naive-bayes,9469308905,1587026973759,1587026964289
naive-bayes,9310738704,1587026983070,1587026973759
naive-bayes,9253921078,1587026992324,1587026983070
naive-bayes,9978333482,1587027002302,1587026992324
naive-bayes,9420465136,1587027011723,1587027002302
naive-bayes,9343386386,1587027021066,1587027011723
naive-bayes,9699786861,1587027030766,1587027021066
naive-bayes,9818037386,1587027040584,1587027030766
naive-bayes,9167470057,1587027049752,1587027040584
naive-bayes,9402037918,1587027059154,1587027049752
naive-bayes,9419368269,1587027068573,1587027059154
naive-bayes,9603226288,1587027078177,1587027068573
naive-bayes,9171287356,1587027087348,1587027078177
naive-bayes,9127902694,1587027096476,1587027087348
naive-bayes,9708916929,1587027106185,1587027096476
naive-bayes,9539916704,1587027115725,1587027106185
naive-bayes,9447298064,1587027125172,1587027115725
naive-bayes,9263903319,1587027134436,1587027125172
naive-bayes,9175337542,1587027143612,1587027134436
naive-bayes,9166928691,1587027152779,1587027143612
philosophers,4990143417,1587027681432,1587027676442
philosophers,3172638206,1587027684604,1587027681432
philosophers,3241994581,1587027687847,1587027684605
philosophers,3287149026,1587027691134,1587027687847
philosophers,3257316035,1587027694391,1587027691134
philosophers,3132967055,1587027697524,1587027694391
philosophers,3126656403,1587027700651,1587027697524
philosophers,3168184292,1587027703819,1587027700651
philosophers,3104556194,1587027706924,1587027703819
philosophers,3088281890,1587027710012,1587027706924
philosophers,3125140288,1587027713138,1587027710013
philosophers,3170595748,1587027716308,1587027713138
philosophers,3041911437,1587027719350,1587027716308
philosophers,3176532653,1587027722527,1587027719350
philosophers,3144170851,1587027725671,1587027722527
philosophers,3083142783,1587027728754,1587027725671
philosophers,3149200544,1587027731904,1587027728755
philosophers,3067005404,1587027734971,1587027731904
philosophers,3102252713,1587027738073,1587027734971
philosophers,3098420229,1587027741172,1587027738073
philosophers,3061084076,1587027744233,1587027741172
philosophers,3030474378,1587027747264,1587027744233
philosophers,3020067491,1587027750284,1587027747264
philosophers,3044313868,1587027753328,1587027750284
philosophers,3020539865,1587027756349,1587027753328
philosophers,3052412902,1587027759401,1587027756349
philosophers,3063224341,1587027762465,1587027759401
philosophers,3100212342,1587027765565,1587027762465
philosophers,3047035195,1587027768612,1587027765565
philosophers,3134484968,1587027771747,1587027768612
finagle-chirper,10922683759,1587025478726,1587025467422
finagle-chirper,6143050846,1587025484887,1587025478726
finagle-chirper,5696313244,1587025490591,1587025484887
finagle-chirper,5664079273,1587025496265,1587025490592
finagle-chirper,5515534616,1587025501789,1587025496265
finagle-chirper,5461728767,1587025507258,1587025501789
finagle-chirper,5460970352,1587025512732,1587025507259
finagle-chirper,5239281302,1587025517981,1587025512732
finagle-chirper,5308332651,1587025523299,1587025517981
finagle-chirper,5163901274,1587025528471,1587025523299
finagle-chirper,5169636229,1587025533652,1587025528471
finagle-chirper,5092519706,1587025538753,1587025533652
finagle-chirper,5163239912,1587025543928,1587025538753
finagle-chirper,5232327312,1587025549174,1587025543928
finagle-chirper,5034341849,1587025554219,1587025549174
finagle-chirper,5000165641,1587025559229,1587025554220
finagle-chirper,4969652666,1587025564209,1587025559229
finagle-chirper,5033840563,1587025569254,1587025564209
finagle-chirper,4869186531,1587025574136,1587025569255
finagle-chirper,4897546173,1587025579045,1587025574136
finagle-chirper,4791175508,1587025583847,1587025579045
finagle-chirper,4870967454,1587025588733,1587025583847
finagle-chirper,4801721212,1587025593546,1587025588734
finagle-chirper,4826624323,1587025598384,1587025593546
finagle-chirper,4835125328,1587025603231,1587025598384
finagle-chirper,4793236407,1587025608035,1587025603231
finagle-chirper,4793835800,1587025612841,1587025608036
finagle-chirper,4718711435,1587025617571,1587025612841
finagle-chirper,4734063195,1587025622316,1587025617571
finagle-chirper,4678003781,1587025627006,1587025622316
finagle-chirper,4628398933,1587025631646,1587025627006
finagle-chirper,4762964953,1587025636420,1587025631646
finagle-chirper,4621811500,1587025641054,1587025636420
finagle-chirper,4706118431,1587025645771,1587025641054
finagle-chirper,4603566795,1587025650386,1587025645771
finagle-chirper,4698036491,1587025655096,1587025650386
finagle-chirper,4576515768,1587025659683,1587025655096
finagle-chirper,4616209007,1587025664311,1587025659684
finagle-chirper,4595014525,1587025668914,1587025664311
finagle-chirper,4526936781,1587025673452,1587025668914
finagle-chirper,4566220286,1587025678031,1587025673452
finagle-chirper,4557176573,1587025682600,1587025678031
finagle-chirper,4577228753,1587025687187,1587025682600
finagle-chirper,4562073945,1587025691759,1587025687187
finagle-chirper,4491008317,1587025696262,1587025691760
finagle-chirper,4526630772,1587025700800,1587025696262
finagle-chirper,4484203366,1587025705296,1587025700800
finagle-chirper,4571326576,1587025709879,1587025705296
finagle-chirper,4495015938,1587025714384,1587025709879
finagle-chirper,4496860578,1587025718892,1587025714384
finagle-chirper,4494379673,1587025723397,1587025718893
finagle-chirper,4577696506,1587025727987,1587025723398
finagle-chirper,4520579836,1587025732518,1587025727987
finagle-chirper,4552285939,1587025737081,1587025732518
finagle-chirper,4522047895,1587025741614,1587025737082
finagle-chirper,4547750061,1587025746173,1587025741614
finagle-chirper,4404335600,1587025750587,1587025746173
finagle-chirper,4405145981,1587025755004,1587025750588
finagle-chirper,4453353284,1587025759469,1587025755004
finagle-chirper,4423107760,1587025763904,1587025759469
finagle-chirper,4378812404,1587025768294,1587025763904
finagle-chirper,4433309441,1587025772738,1587025768294
finagle-chirper,4413416366,1587025777163,1587025772739
finagle-chirper,4306043866,1587025781480,1587025777163
finagle-chirper,4353889136,1587025785846,1587025781481
finagle-chirper,4358022500,1587025790215,1587025785846
finagle-chirper,4391673663,1587025794619,1587025790216
finagle-chirper,4379541829,1587025799009,1587025794619
finagle-chirper,4357633907,1587025803378,1587025799010
finagle-chirper,4350687789,1587025807741,1587025803379
finagle-chirper,4384969786,1587025812137,1587025807741
finagle-chirper,4267267707,1587025816416,1587025812137
finagle-chirper,4290885109,1587025820718,1587025816416
finagle-chirper,4326892459,1587025825057,1587025820718
finagle-chirper,4295481115,1587025829364,1587025825057
finagle-chirper,4308655826,1587025833684,1587025829364
finagle-chirper,4344579242,1587025838040,1587025833684
finagle-chirper,4346502897,1587025842398,1587025838040
finagle-chirper,4292010281,1587025846702,1587025842398
finagle-chirper,4365418410,1587025851076,1587025846702
finagle-chirper,4323737256,1587025855411,1587025851076
finagle-chirper,4322385188,1587025859745,1587025855411
finagle-chirper,4348181974,1587025864104,1587025859746
finagle-chirper,4369529687,1587025868485,1587025864105
finagle-chirper,4269297860,1587025872766,1587025868486
finagle-chirper,4316022654,1587025877093,1587025872766
finagle-chirper,4327455154,1587025881432,1587025877094
finagle-chirper,4357576159,1587025885801,1587025881433
finagle-chirper,4349294366,1587025890161,1587025885801
finagle-chirper,4376117497,1587025894549,1587025890161
mnemonics,8258383512,1587026437024,1587026428766
mnemonics,8207677266,1587026445593,1587026437385
mnemonics,8210113555,1587026454097,1587026445887
mnemonics,8458635323,1587026462806,1587026454348
mnemonics,8186958838,1587026471243,1587026463056
mnemonics,8184051860,1587026479677,1587026471493
mnemonics,8144666179,1587026488108,1587026479963
mnemonics,8172277812,1587026496530,1587026488357
mnemonics,8102802393,1587026504882,1587026496779
mnemonics,8091246502,1587026513220,1587026505129
mnemonics,8150765787,1587026521620,1587026513470
mnemonics,8154699535,1587026530022,1587026521867
mnemonics,8113037213,1587026538382,1587026530269
mnemonics,8167225919,1587026546796,1587026538628
mnemonics,8111749663,1587026555154,1587026547043
mnemonics,8110116321,1587026563512,1587026555402
scala-stm-bench7,3676686131,1587028298063,1587028294387
scala-stm-bench7,2078735063,1587028300142,1587028298063
scala-stm-bench7,1830217205,1587028301973,1587028300142
scala-stm-bench7,2117120653,1587028304090,1587028301973
scala-stm-bench7,2008821422,1587028306099,1587028304090
scala-stm-bench7,2308889944,1587028308408,1587028306099
scala-stm-bench7,2253894439,1587028310662,1587028308408
scala-stm-bench7,1969950252,1587028312632,1587028310662
scala-stm-bench7,2016817350,1587028314648,1587028312632
scala-stm-bench7,1937229953,1587028316586,1587028314649
scala-stm-bench7,1909508264,1587028318495,1587028316586
scala-stm-bench7,1926200146,1587028320422,1587028318495
scala-stm-bench7,1783860662,1587028322206,1587028320422
scala-stm-bench7,1824268137,1587028324030,1587028322206
scala-stm-bench7,2897807606,1587028326928,1587028324030
scala-stm-bench7,1907515032,1587028328835,1587028326928
scala-stm-bench7,1815379441,1587028330651,1587028328835
scala-stm-bench7,1832263782,1587028332483,1587028330651
scala-stm-bench7,1821871706,1587028334305,1587028332483
scala-stm-bench7,1874704996,1587028336180,1587028334305
scala-stm-bench7,1719660397,1587028337900,1587028336180
scala-stm-bench7,1720426649,1587028339620,1587028337900
scala-stm-bench7,1821692845,1587028341442,1587028339620
scala-stm-bench7,1803741625,1587028343246,1587028341442
scala-stm-bench7,1692388367,1587028344938,1587028343246
scala-stm-bench7,1699000326,1587028346637,1587028344938
scala-stm-bench7,1845540040,1587028348483,1587028346637
scala-stm-bench7,1799557111,1587028350282,1587028348483
scala-stm-bench7,1699929630,1587028351982,1587028350282
scala-stm-bench7,1872309446,1587028353855,1587028351982
scala-stm-bench7,1806504362,1587028355661,1587028353855
scala-stm-bench7,1713315775,1587028357375,1587028355661
scala-stm-bench7,1722450224,1587028359097,1587028357375
scala-stm-bench7,1840049322,1587028360937,1587028359097
scala-stm-bench7,1852749024,1587028362790,1587028360937
scala-stm-bench7,1739534932,1587028364530,1587028362790
scala-stm-bench7,1689889037,1587028366220,1587028364530
scala-stm-bench7,1812777990,1587028368032,1587028366220
scala-stm-bench7,1819202418,1587028369852,1587028368033
scala-stm-bench7,1740811347,1587028371593,1587028369852
scala-stm-bench7,1876111038,1587028373469,1587028371593
scala-stm-bench7,1833020529,1587028375302,1587028373469
scala-stm-bench7,1707496261,1587028377009,1587028375302
scala-stm-bench7,1749297110,1587028378759,1587028377010
scala-stm-bench7,1808686100,1587028380568,1587028378759
scala-stm-bench7,1820282283,1587028382388,1587028380568
scala-stm-bench7,1694355034,1587028384082,1587028382388
scala-stm-bench7,1810987183,1587028385893,1587028384082
scala-stm-bench7,1790102343,1587028387684,1587028385893
scala-stm-bench7,1696209482,1587028389380,1587028387684
scala-stm-bench7,1793130560,1587028391173,1587028389380
scala-stm-bench7,1797327943,1587028392970,1587028391173
scala-stm-bench7,1670467466,1587028394641,1587028392971
scala-stm-bench7,1834431665,1587028396475,1587028394641
scala-stm-bench7,1781120072,1587028398257,1587028396476
scala-stm-bench7,1778976369,1587028400036,1587028398257
scala-stm-bench7,1803930992,1587028401840,1587028400036
scala-stm-bench7,3183007373,1587028405023,1587028401840
scala-stm-bench7,1739668235,1587028406763,1587028405023
scala-stm-bench7,1797354424,1587028408560,1587028406763
scrabble,1483179548,1587028410940,1587028409457
scrabble,973181965,1587028411959,1587028410985
scrabble,1030005965,1587028412989,1587028411959
scrabble,979638401,1587028413969,1587028412989
scrabble,972828813,1587028414942,1587028413969
scrabble,1038902330,1587028415981,1587028414942
scrabble,980327371,1587028416962,1587028415981
scrabble,980667910,1587028417943,1587028416962
scrabble,929888000,1587028418873,1587028417943
scrabble,1122220115,1587028419995,1587028418873
scrabble,997535736,1587028420993,1587028419995
scrabble,980812530,1587028421974,1587028420993
scrabble,983473170,1587028422958,1587028421974
scrabble,949574629,1587028423908,1587028422958
scrabble,966487750,1587028424874,1587028423908
scrabble,991100849,1587028425866,1587028424875
scrabble,932621528,1587028426799,1587028425866
scrabble,970425596,1587028427769,1587028426799
scrabble,1000539971,1587028428770,1587028427769
scrabble,926172825,1587028429696,1587028428770
scrabble,967219925,1587028430664,1587028429697
scrabble,937187009,1587028431601,1587028430664
scrabble,967269900,1587028432569,1587028431602
scrabble,992247454,1587028433561,1587028432569
scrabble,934426778,1587028434496,1587028433562
scrabble,959797885,1587028435456,1587028434496
scrabble,944457504,1587028436401,1587028435456
scrabble,949215951,1587028437350,1587028436401
scrabble,986084695,1587028438337,1587028437351
scrabble,941920960,1587028439279,1587028438337
scrabble,975790408,1587028440255,1587028439279
scrabble,937429524,1587028441193,1587028440255
scrabble,960778198,1587028442154,1587028441193
scrabble,940001547,1587028443094,1587028442154
scrabble,963226762,1587028444057,1587028443094
scrabble,998650107,1587028445056,1587028444058
scrabble,935642674,1587028445992,1587028445057
scrabble,976655279,1587028446969,1587028445992
scrabble,949140768,1587028447918,1587028446969
scrabble,965542731,1587028448884,1587028447919
scrabble,991648127,1587028449876,1587028448885
scrabble,938703072,1587028450815,1587028449876
scrabble,962632096,1587028451778,1587028450815
scrabble,941280803,1587028452720,1587028451778
scrabble,958968960,1587028453679,1587028452720
scrabble,1013876907,1587028454693,1587028453679
scrabble,933462997,1587028455627,1587028454693
scrabble,987769871,1587028456615,1587028455627
scrabble,929993909,1587028457545,1587028456615
scrabble,953684361,1587028458499,1587028457545
future-genetic,2596553112,1587026127924,1587026125328
future-genetic,2711850200,1587026130636,1587026127925
future-genetic,2681368607,1587026133318,1587026130636
future-genetic,2701250513,1587026136019,1587026133318
future-genetic,2664191169,1587026138683,1587026136019
future-genetic,2730653227,1587026141414,1587026138684
future-genetic,2622187877,1587026144037,1587026141414
future-genetic,2735308179,1587026146772,1587026144037
future-genetic,2667332996,1587026149439,1587026146772
future-genetic,2701673418,1587026152141,1587026149440
future-genetic,2718008289,1587026154859,1587026152141
future-genetic,2678712721,1587026157538,1587026154860
future-genetic,2711678445,1587026160250,1587026157538
future-genetic,2675039137,1587026162925,1587026160250
future-genetic,2690129054,1587026165615,1587026162925
future-genetic,2681515787,1587026168297,1587026165616
future-genetic,2745159130,1587026171042,1587026168297
future-genetic,2685767970,1587026173728,1587026171042
future-genetic,2711707243,1587026176440,1587026173728
future-genetic,2723355975,1587026179164,1587026176440
future-genetic,2706307083,1587026181870,1587026179164
future-genetic,2705638419,1587026184576,1587026181870
future-genetic,2694961036,1587026187271,1587026184576
future-genetic,2715794609,1587026189987,1587026187271
future-genetic,2641750620,1587026192629,1587026189987
future-genetic,2714705259,1587026195343,1587026192629
future-genetic,2691180229,1587026198035,1587026195343
future-genetic,2712664498,1587026200747,1587026198035
future-genetic,2697600852,1587026203445,1587026200748
future-genetic,2660657434,1587026206106,1587026203445
future-genetic,2705476489,1587026208812,1587026206106
future-genetic,2694615442,1587026211506,1587026208812
future-genetic,2738085903,1587026214245,1587026211506
future-genetic,2721951141,1587026216967,1587026214245
future-genetic,2703618054,1587026219671,1587026216967
future-genetic,2705410927,1587026222376,1587026219671
future-genetic,2717391147,1587026225094,1587026222376
future-genetic,2711509136,1587026227805,1587026225094
future-genetic,2699950510,1587026230505,1587026227805
future-genetic,2691629575,1587026233197,1587026230505
future-genetic,2732178953,1587026235929,1587026233197
future-genetic,2737996655,1587026238667,1587026235929
future-genetic,2703548971,1587026241371,1587026238667
future-genetic,2719213195,1587026244090,1587026241371
future-genetic,2730116310,1587026246821,1587026244090
future-genetic,2729671116,1587026249551,1587026246821
future-genetic,2706305717,1587026252257,1587026249551
future-genetic,2715443706,1587026254973,1587026252257
future-genetic,2699034558,1587026257672,1587026254973
future-genetic,2702120918,1587026260374,1587026257672
rx-scrabble,2072122856,1587028003168,1587028001095
rx-scrabble,623944751,1587028003809,1587028003185
rx-scrabble,543714485,1587028004365,1587028003821
rx-scrabble,463258620,1587028004842,1587028004379
rx-scrabble,494971688,1587028005348,1587028004853
rx-scrabble,466577107,1587028005830,1587028005363
rx-scrabble,496029391,1587028006340,1587028005844
rx-scrabble,451804325,1587028006804,1587028006352
rx-scrabble,450933453,1587028007268,1587028006817
rx-scrabble,455687752,1587028007768,1587028007313
rx-scrabble,493343519,1587028008271,1587028007778
rx-scrabble,532042425,1587028008813,1587028008281
rx-scrabble,489064169,1587028009312,1587028008823
rx-scrabble,542976175,1587028009866,1587028009323
rx-scrabble,505600555,1587028010382,1587028009876
rx-scrabble,497175576,1587028010890,1587028010393
rx-scrabble,536834055,1587028011436,1587028010899
rx-scrabble,501346255,1587028011949,1587028011448
rx-scrabble,525147384,1587028012485,1587028011960
rx-scrabble,532036005,1587028013027,1587028012495
rx-scrabble,499575656,1587028013535,1587028013036
rx-scrabble,504779478,1587028014053,1587028013548
rx-scrabble,530475862,1587028014594,1587028014063
rx-scrabble,503451087,1587028015108,1587028014605
rx-scrabble,536552215,1587028015656,1587028015120
rx-scrabble,504960374,1587028016173,1587028015668
rx-scrabble,499216687,1587028016684,1587028016185
rx-scrabble,543531922,1587028017237,1587028016694
rx-scrabble,507375955,1587028017754,1587028017247
rx-scrabble,502081721,1587028018266,1587028017763
rx-scrabble,503715062,1587028018780,1587028018276
rx-scrabble,530797479,1587028019322,1587028018791
rx-scrabble,504354767,1587028019837,1587028019333
rx-scrabble,506673453,1587028020355,1587028019848
rx-scrabble,538044225,1587028020903,1587028020365
rx-scrabble,495389304,1587028021410,1587028020915
rx-scrabble,512092802,1587028021933,1587028021421
rx-scrabble,541449220,1587028022485,1587028021944
rx-scrabble,493768630,1587028022990,1587028022497
rx-scrabble,501177842,1587028023504,1587028023003
rx-scrabble,538268975,1587028024052,1587028023514
rx-scrabble,487611639,1587028024550,1587028024062
rx-scrabble,481690913,1587028025043,1587028024561
rx-scrabble,488802884,1587028025543,1587028025054
rx-scrabble,528012143,1587028026080,1587028025552
rx-scrabble,493822477,1587028026585,1587028026092
rx-scrabble,490660648,1587028027086,1587028026595
rx-scrabble,536268330,1587028027633,1587028027096
rx-scrabble,497133857,1587028028140,1587028027643
rx-scrabble,493732120,1587028028645,1587028028151
rx-scrabble,494438621,1587028029150,1587028028656
rx-scrabble,521634402,1587028029682,1587028029161
rx-scrabble,497932276,1587028030189,1587028029692
rx-scrabble,492918862,1587028030694,1587028030201
rx-scrabble,503458506,1587028031209,1587028030705
rx-scrabble,528871598,1587028031749,1587028031221
rx-scrabble,502725291,1587028032264,1587028031761
rx-scrabble,505230386,1587028032779,1587028032274
rx-scrabble,530805775,1587028033322,1587028032791
rx-scrabble,502268085,1587028033835,1587028033333
rx-scrabble,500347529,1587028034345,1587028033844
rx-scrabble,491534843,1587028034847,1587028034356
rx-scrabble,537049270,1587028035396,1587028034859
rx-scrabble,499592861,1587028035907,1587028035407
rx-scrabble,492764549,1587028036409,1587028035916
rx-scrabble,488697511,1587028036908,1587028036420
rx-scrabble,528967829,1587028037449,1587028036920
rx-scrabble,498434232,1587028037959,1587028037460
rx-scrabble,489414140,1587028038458,1587028037969
rx-scrabble,495384571,1587028038965,1587028038470
rx-scrabble,526324421,1587028039502,1587028038976
rx-scrabble,489586162,1587028040004,1587028039514
rx-scrabble,493834634,1587028040509,1587028040015
rx-scrabble,493786680,1587028041018,1587028040524
rx-scrabble,532170768,1587028041561,1587028041029
rx-scrabble,497788758,1587028042068,1587028041570
rx-scrabble,479334637,1587028042558,1587028042079
rx-scrabble,496563885,1587028043064,1587028042568
rx-scrabble,531572552,1587028043607,1587028043075
rx-scrabble,493343109,1587028044111,1587028043618
scala-doku,10179753734,1587028054779,1587028044599
scala-doku,10018133612,1587028064799,1587028054781
scala-doku,10022382809,1587028074822,1587028064799
scala-doku,9925637875,1587028084747,1587028074822
scala-doku,9904495151,1587028094652,1587028084748
scala-doku,9914835689,1587028104567,1587028094652
scala-doku,9656081866,1587028114223,1587028104567
scala-doku,9881611758,1587028124105,1587028114224
scala-doku,10696313876,1587028134802,1587028124105
scala-doku,11314866750,1587028146117,1587028134802
scala-doku,11307990908,1587028157425,1587028146117
scala-doku,11273630996,1587028168699,1587028157425
scala-doku,11356222237,1587028180055,1587028168699
scala-doku,11293528180,1587028191349,1587028180055
scala-doku,11329392150,1587028202678,1587028191349
scala-doku,11311580491,1587028213990,1587028202679
scala-doku,11290584098,1587028225281,1587028213990
scala-doku,11344237485,1587028236625,1587028225281
scala-doku,11285817289,1587028247911,1587028236626
scala-doku,11286201579,1587028259198,1587028247911
dec-tree,8107693866,1587025160065,1587025151958
dec-tree,4018454572,1587025164084,1587025160065
dec-tree,4412490284,1587025168496,1587025164084
dec-tree,4206363334,1587025172703,1587025168497
dec-tree,4280466727,1587025176983,1587025172703
dec-tree,3444074869,1587025180428,1587025176984
dec-tree,3479762573,1587025183908,1587025180428
dec-tree,3358298382,1587025187266,1587025183908
dec-tree,4335492774,1587025191602,1587025187266
dec-tree,3465202636,1587025195067,1587025191602
dec-tree,3983274560,1587025199050,1587025195067
dec-tree,3413111359,1587025202463,1587025199050
dec-tree,3735489313,1587025206199,1587025202464
dec-tree,4527194950,1587025210726,1587025206199
dec-tree,3708877638,1587025214435,1587025210727
dec-tree,3970410955,1587025218406,1587025214436
dec-tree,3456048497,1587025221862,1587025218406
dec-tree,3309406901,1587025225172,1587025221862
dec-tree,3395776709,1587025228567,1587025225172
dec-tree,4165555665,1587025232733,1587025228568
dec-tree,3421378760,1587025236155,1587025232733
dec-tree,3578021217,1587025239733,1587025236155
dec-tree,3322460320,1587025243055,1587025239733
dec-tree,3452525922,1587025246508,1587025243055
dec-tree,3589033298,1587025250097,1587025246508
dec-tree,3288780443,1587025253386,1587025250097
dec-tree,3439372270,1587025256825,1587025253386
dec-tree,3308546825,1587025260134,1587025256825
dec-tree,3447272608,1587025263581,1587025260134
dec-tree,4528506983,1587025268110,1587025263581
dec-tree,3332351031,1587025271442,1587025268110
dec-tree,3289364071,1587025274732,1587025271442
dec-tree,3267641691,1587025278000,1587025274732
dec-tree,3262253973,1587025281262,1587025278000
dec-tree,3335343043,1587025284597,1587025281262
dec-tree,4583968741,1587025289181,1587025284597
dec-tree,3864832607,1587025293046,1587025289181
dec-tree,3874193992,1587025296921,1587025293046
dec-tree,3981775584,1587025300902,1587025296921
dec-tree,4262453314,1587025305165,1587025300903
reactors,31504581483,1587027803643,1587027772138
reactors,21897331432,1587027825540,1587027803643
reactors,22303872509,1587027847844,1587027825540
reactors,21071148870,1587027868915,1587027847844
reactors,22032693494,1587027890948,1587027868915
reactors,24517571293,1587027915466,1587027890948
reactors,21640835646,1587027937107,1587027915466
reactors,17038528043,1587027954145,1587027937107
reactors,22616078856,1587027976762,1587027954146
reactors,23209297777,1587027999971,1587027976762
par-mnemonics,7258025769,1587027565485,1587027558226
par-mnemonics,7076794933,1587027572842,1587027565765
par-mnemonics,7920484812,1587027581022,1587027573101
par-mnemonics,6929886043,1587027588253,1587027581323
par-mnemonics,6945641965,1587027595459,1587027588513
par-mnemonics,7837442686,1587027603555,1587027595718
par-mnemonics,7017924174,1587027610832,1587027603814
par-mnemonics,6944076332,1587027618035,1587027611091
par-mnemonics,6927629094,1587027625223,1587027618296
par-mnemonics,6980531743,1587027632462,1587027625481
par-mnemonics,6919878418,1587027639641,1587027632721
par-mnemonics,6941221451,1587027646840,1587027639899
par-mnemonics,6996843769,1587027654097,1587027647100
par-mnemonics,6950893762,1587027661308,1587027654357
par-mnemonics,6995083537,1587027668563,1587027661568
par-mnemonics,6983406476,1587027675805,1587027668821
scala-kmeans,904777716,1587028260711,1587028259806
scala-kmeans,694873610,1587028261409,1587028260714
scala-kmeans,690886121,1587028262101,1587028261410
scala-kmeans,689726579,1587028262791,1587028262101
scala-kmeans,689435257,1587028263481,1587028262792
scala-kmeans,686606619,1587028264168,1587028263482
scala-kmeans,687702556,1587028264856,1587028264169
scala-kmeans,691272760,1587028265548,1587028264857
scala-kmeans,690945125,1587028266239,1587028265548
scala-kmeans,691830882,1587028266932,1587028266240
scala-kmeans,691801383,1587028267624,1587028266932
scala-kmeans,693366303,1587028268317,1587028267624
scala-kmeans,687913470,1587028269006,1587028268318
scala-kmeans,721711550,1587028269728,1587028269006
scala-kmeans,669704784,1587028270398,1587028269728
scala-kmeans,668941470,1587028271067,1587028270398
scala-kmeans,671009343,1587028271739,1587028271068
scala-kmeans,675286893,1587028272414,1587028271739
scala-kmeans,672430892,1587028273087,1587028272415
scala-kmeans,672062630,1587028273760,1587028273088
scala-kmeans,672191414,1587028274432,1587028273760
scala-kmeans,682595964,1587028275115,1587028274432
scala-kmeans,675190732,1587028275791,1587028275116
scala-kmeans,669506091,1587028276461,1587028275791
scala-kmeans,671959530,1587028277133,1587028276461
scala-kmeans,677399821,1587028277811,1587028277133
scala-kmeans,668763936,1587028278480,1587028277811
scala-kmeans,715434006,1587028279196,1587028278480
scala-kmeans,679860816,1587028279876,1587028279196
scala-kmeans,679058244,1587028280555,1587028279876
scala-kmeans,677986452,1587028281234,1587028280556
scala-kmeans,676435972,1587028281910,1587028281234
scala-kmeans,675531596,1587028282586,1587028281911
scala-kmeans,683740620,1587028283270,1587028282587
scala-kmeans,686871033,1587028283958,1587028283271
scala-kmeans,685354139,1587028284643,1587028283958
scala-kmeans,683057134,1587028285327,1587028284644
scala-kmeans,684689268,1587028286012,1587028285327
scala-kmeans,680166881,1587028286692,1587028286012
scala-kmeans,674968328,1587028287367,1587028286692
scala-kmeans,719413102,1587028288087,1587028287368
scala-kmeans,687508548,1587028288775,1587028288087
scala-kmeans,684587176,1587028289460,1587028288775
scala-kmeans,688645877,1587028290149,1587028289460
scala-kmeans,692312574,1587028290842,1587028290149
scala-kmeans,681904174,1587028291524,1587028290842
scala-kmeans,680245975,1587028292204,1587028291524
scala-kmeans,681133945,1587028292886,1587028292205
scala-kmeans,681197404,1587028293567,1587028292886
scala-kmeans,687324372,1587028294255,1587028293568
als,10948616857,1587024717753,1587024706804
als,5962065504,1587024723715,1587024717753
als,5969536888,1587024729685,1587024723716
als,6199768780,1587024735885,1587024729685
als,6193378163,1587024742079,1587024735885
als,5760269171,1587024747839,1587024742079
als,5691742286,1587024753531,1587024747840
als,5611728474,1587024759143,1587024753532
als,6575031095,1587024765719,1587024759143
als,6022977387,1587024771742,1587024765719
als,5232542059,1587024776974,1587024771742
als,4939826104,1587024781914,1587024776975
als,5783457001,1587024787698,1587024781915
als,5988308439,1587024793687,1587024787698
als,5087003589,1587024798774,1587024793687
als,6210546470,1587024804985,1587024798774
als,5671774170,1587024810657,1587024804985
als,6108896678,1587024816766,1587024810657
als,5920316830,1587024822686,1587024816766
als,6123878775,1587024828810,1587024822687
als,6238694004,1587024835049,1587024828811
als,5996204149,1587024841046,1587024835050
als,6325081830,1587024847371,1587024841046
als,6006068413,1587024853377,1587024847371
als,7096837735,1587024860474,1587024853377
als,6406668899,1587024866881,1587024860474
als,6316869641,1587024873198,1587024866881
als,6173787011,1587024879372,1587024873198
als,6737598574,1587024886110,1587024879372
als,5795534893,1587024891906,1587024886110
dotty,13447764397,1587025319353,1587025305906
dotty,5127208395,1587025324481,1587025319353
dotty,4239760179,1587025328721,1587025324481
dotty,3857374619,1587025332578,1587025328721
dotty,3627800896,1587025336206,1587025332578
dotty,4019355499,1587025340225,1587025336206
dotty,3843726371,1587025344069,1587025340226
dotty,3464954637,1587025347534,1587025344069
dotty,3166632315,1587025350701,1587025347534
dotty,3655643039,1587025354357,1587025350701
dotty,3763781120,1587025358121,1587025354357
dotty,3338040022,1587025361459,1587025358121
dotty,3018284056,1587025364477,1587025361459
dotty,2834175847,1587025367312,1587025364477
dotty,2824604406,1587025370136,1587025367312
dotty,2760683347,1587025372897,1587025370136
dotty,2756387179,1587025375653,1587025372897
dotty,2769927258,1587025378424,1587025375654
dotty,2707807039,1587025381131,1587025378424
dotty,2748967950,1587025383880,1587025381132
dotty,2942297202,1587025386823,1587025383881
dotty,2972945685,1587025389796,1587025386823
dotty,2986429346,1587025392782,1587025389796
dotty,2803800971,1587025395586,1587025392783
dotty,2712911709,1587025398299,1587025395587
dotty,2853652846,1587025401153,1587025398300
dotty,2720545143,1587025403874,1587025401153
dotty,2722501810,1587025406596,1587025403874
dotty,2672796429,1587025409269,1587025406597
dotty,2626235495,1587025411896,1587025409269
dotty,2658017224,1587025414554,1587025411896
dotty,2673138495,1587025417227,1587025414554
dotty,2602516469,1587025419830,1587025417227
dotty,2655204461,1587025422485,1587025419830
dotty,2607658448,1587025425093,1587025422485
dotty,2630793740,1587025427724,1587025425093
dotty,2616895454,1587025430341,1587025427724
dotty,2977915580,1587025433319,1587025430341
dotty,2686710509,1587025436006,1587025433319
dotty,2604819482,1587025438610,1587025436006
dotty,2718054807,1587025441329,1587025438611
dotty,2614292436,1587025443943,1587025441329
dotty,2701826076,1587025446645,1587025443943
dotty,2565115707,1587025449210,1587025446645
dotty,2618676726,1587025451829,1587025449210
dotty,2562788069,1587025454392,1587025451829
dotty,2599151887,1587025456991,1587025454392
dotty,2623696888,1587025459615,1587025456991
dotty,2577358355,1587025462192,1587025459615
dotty,2648020338,1587025464840,1587025462192
gauss-mix,3911007569,1587026267115,1587026263204
gauss-mix,2100119030,1587026269216,1587026267116
gauss-mix,2032986883,1587026271249,1587026269216
gauss-mix,1844000664,1587026273093,1587026271249
gauss-mix,1713481200,1587026274806,1587026273093
gauss-mix,1744829082,1587026276551,1587026274806
gauss-mix,1825585163,1587026278377,1587026276551
gauss-mix,2021934509,1587026280399,1587026278377
gauss-mix,1977822823,1587026282377,1587026280399
gauss-mix,1751762437,1587026284129,1587026282377
gauss-mix,1742546072,1587026285872,1587026284129
gauss-mix,1668406363,1587026287540,1587026285872
gauss-mix,1711471051,1587026289252,1587026287540
gauss-mix,1811816038,1587026291064,1587026289252
gauss-mix,1984996713,1587026293049,1587026291064
gauss-mix,1972581666,1587026295021,1587026293049
gauss-mix,1636695334,1587026296658,1587026295021
gauss-mix,1645030966,1587026298303,1587026296658
gauss-mix,1834992512,1587026300138,1587026298303
gauss-mix,1637735527,1587026301776,1587026300138
gauss-mix,1616842937,1587026303393,1587026301776
gauss-mix,1628495949,1587026305022,1587026303393
gauss-mix,1618415396,1587026306640,1587026305022
gauss-mix,1609051851,1587026308249,1587026306640
gauss-mix,1651430282,1587026309901,1587026308250
gauss-mix,1627978099,1587026311529,1587026309901
gauss-mix,1822790427,1587026313352,1587026311529
gauss-mix,1608150922,1587026314960,1587026313352
gauss-mix,1653602226,1587026316614,1587026314960
gauss-mix,1666531443,1587026318281,1587026316614
gauss-mix,1648234836,1587026319929,1587026318281
gauss-mix,1608834704,1587026321538,1587026319929
gauss-mix,1586968686,1587026323125,1587026321538
gauss-mix,1591089285,1587026324716,1587026323125
gauss-mix,1677585852,1587026326394,1587026324716
gauss-mix,1647017602,1587026328041,1587026326394
gauss-mix,1679914098,1587026329721,1587026328041
gauss-mix,1620142593,1587026331341,1587026329721
gauss-mix,1916133024,1587026333257,1587026331341
gauss-mix,1690746684,1587026334948,1587026333257
akka-uct,18294562196,1587024355672,1587024337377
akka-uct,15074824627,1587024370749,1587024355674
akka-uct,15821299328,1587024386570,1587024370749
akka-uct,14404335443,1587024400975,1587024386571
akka-uct,14629675069,1587024415605,1587024400975
akka-uct,15139156014,1587024430744,1587024415605
akka-uct,14805956350,1587024445551,1587024430745
akka-uct,15418818615,1587024460970,1587024445551
akka-uct,14733977581,1587024475704,1587024460970
akka-uct,14392693893,1587024490097,1587024475704
akka-uct,15362823355,1587024505460,1587024490097
akka-uct,14654933285,1587024520115,1587024505460
akka-uct,14826685683,1587024534942,1587024520116
akka-uct,15158734606,1587024550101,1587024534943
akka-uct,14853755128,1587024564956,1587024550102
akka-uct,15318130581,1587024580274,1587024564956
akka-uct,14513786798,1587024594788,1587024580274
akka-uct,14632890288,1587024609421,1587024594788
akka-uct,15399412226,1587024624821,1587024609421
akka-uct,14646015096,1587024639467,1587024624821
akka-uct,15578334254,1587024655046,1587024639467
akka-uct,14607126219,1587024669653,1587024655046
akka-uct,14727334083,1587024684381,1587024669653
akka-uct,15080841005,1587024699462,1587024684381
page-rank,48107414714,1587027426039,1587027377931
page-rank,7209749228,1587027433249,1587027426039
page-rank,6411707245,1587027439660,1587027433249
page-rank,6473087862,1587027446134,1587027439661
page-rank,8271691258,1587027454405,1587027446134
page-rank,6729205620,1587027461135,1587027454405
page-rank,5885516458,1587027467020,1587027461135
page-rank,6376419957,1587027473397,1587027467020
page-rank,7328984859,1587027480726,1587027473397
page-rank,6882199118,1587027487608,1587027480726
page-rank,5502247100,1587027493111,1587027487608
page-rank,6949077806,1587027500060,1587027493111
page-rank,6569787395,1587027506630,1587027500060
page-rank,7375007301,1587027514005,1587027506630
page-rank,7073817826,1587027521079,1587027514005
page-rank,6179205227,1587027527258,1587027521079
page-rank,7371268472,1587027534629,1587027527258
page-rank,7094105324,1587027541723,1587027534629
page-rank,7510084563,1587027549234,1587027541724
page-rank,6679995482,1587027555914,1587027549234
chi-square,4758852487,1587024901519,1587024896760
chi-square,1465639602,1587024902985,1587024901520
chi-square,1703123828,1587024904689,1587024902985
chi-square,1674164779,1587024906363,1587024904689
chi-square,1678864765,1587024908042,1587024906363
chi-square,1815665790,1587024909858,1587024908042
chi-square,2229239294,1587024912087,1587024909858
chi-square,1673702656,1587024913761,1587024912087
chi-square,1677280312,1587024915438,1587024913761
chi-square,2753119687,1587024918192,1587024915439
chi-square,2743080888,1587024920935,1587024918192
chi-square,1629065646,1587024922564,1587024920935
chi-square,1667321691,1587024924232,1587024922564
chi-square,1645478100,1587024925877,1587024924232
chi-square,1670344328,1587024927548,1587024925877
chi-square,1634524106,1587024929182,1587024927548
chi-square,2741731994,1587024931924,1587024929182
chi-square,2714191371,1587024934639,1587024931924
chi-square,1627202256,1587024936266,1587024934639
chi-square,1644601926,1587024937911,1587024936266
chi-square,1653100538,1587024939564,1587024937911
chi-square,1674999376,1587024941239,1587024939564
chi-square,1651361666,1587024942891,1587024941239
chi-square,1691226813,1587024944582,1587024942891
chi-square,2711929454,1587024947294,1587024944582
chi-square,1667858051,1587024948962,1587024947294
chi-square,1650866426,1587024950613,1587024948962
chi-square,2713857984,1587024953327,1587024950613
chi-square,1653922488,1587024954981,1587024953327
chi-square,1648780963,1587024956630,1587024954981
chi-square,1632409937,1587024958262,1587024956630
chi-square,1696433302,1587024959959,1587024958263
chi-square,1634233251,1587024961593,1587024959959
chi-square,1655619113,1587024963249,1587024961594
chi-square,1640757981,1587024964890,1587024963249
chi-square,1627727005,1587024966518,1587024964890
chi-square,1675850651,1587024968194,1587024966518
chi-square,1637757200,1587024969832,1587024968194
chi-square,2706259222,1587024972538,1587024969832
chi-square,2715614847,1587024975254,1587024972538
chi-square,1641244509,1587024976895,1587024975254
chi-square,1654618271,1587024978550,1587024976895
chi-square,2722186603,1587024981272,1587024978550
chi-square,2723241702,1587024983996,1587024981272
chi-square,1637049067,1587024985633,1587024983996
chi-square,1644030130,1587024987277,1587024985633
chi-square,1624206060,1587024988901,1587024987277
chi-square,1643793585,1587024990545,1587024988901
chi-square,1626511920,1587024992172,1587024990545
chi-square,2710566295,1587024994882,1587024992172
chi-square,1642424139,1587024996525,1587024994883
chi-square,1620432472,1587024998145,1587024996525
chi-square,1650533775,1587024999796,1587024998146
chi-square,1692161925,1587025001488,1587024999796
chi-square,1629378412,1587025003118,1587025001489
chi-square,1647769092,1587025004766,1587025003118
chi-square,1634173683,1587025006400,1587025004766
chi-square,1636141759,1587025008036,1587025006400
chi-square,1644612930,1587025009681,1587025008036
chi-square,1627447268,1587025011309,1587025009681
fj-kmeans,6506006962,1587025960380,1587025953874
fj-kmeans,5735338098,1587025966116,1587025960380
fj-kmeans,5715534925,1587025971831,1587025966116
fj-kmeans,5694479696,1587025977526,1587025971831
fj-kmeans,5682233519,1587025983208,1587025977526
fj-kmeans,5684428334,1587025988893,1587025983208
fj-kmeans,5696702177,1587025994590,1587025988893
fj-kmeans,5685381694,1587026000275,1587025994590
fj-kmeans,5683670373,1587026005959,1587026000275
fj-kmeans,5662022481,1587026011621,1587026005959
fj-kmeans,5687988765,1587026017309,1587026011621
fj-kmeans,5678094081,1587026022987,1587026017309
fj-kmeans,5680955728,1587026028669,1587026022988
fj-kmeans,5671788046,1587026034341,1587026028669
fj-kmeans,5635921540,1587026039977,1587026034341
fj-kmeans,5690488401,1587026045667,1587026039977
fj-kmeans,5690184122,1587026051358,1587026045667
fj-kmeans,5678303040,1587026057036,1587026051358
fj-kmeans,5703460088,1587026062740,1587026057036
fj-kmeans,5683315603,1587026068423,1587026062740
fj-kmeans,5684971814,1587026074108,1587026068424
fj-kmeans,5712960480,1587026079822,1587026074109
fj-kmeans,5674380116,1587026085496,1587026079822
fj-kmeans,5669264197,1587026091165,1587026085496
fj-kmeans,5732686786,1587026096898,1587026091166
fj-kmeans,5729426632,1587026102628,1587026096898
fj-kmeans,5676145191,1587026108304,1587026102628
fj-kmeans,5643890543,1587026113948,1587026108304
fj-kmeans,5656770493,1587026119605,1587026113948
fj-kmeans,5670410456,1587026125276,1587026119605
log-regression,8665747512,1587026346500,1587026337834
log-regression,4474610053,1587026350975,1587026346500
log-regression,4149499199,1587026355124,1587026350975
log-regression,4087278665,1587026359212,1587026355124
log-regression,3963837751,1587026363176,1587026359212
log-regression,4560229431,1587026367736,1587026363176
log-regression,4486474068,1587026372223,1587026367736
log-regression,4472288421,1587026376695,1587026372223
log-regression,4867596553,1587026381563,1587026376695
log-regression,4582869684,1587026386146,1587026381563
log-regression,5042680646,1587026391188,1587026386146
log-regression,4826816759,1587026396015,1587026391189
log-regression,5113536305,1587026401129,1587026396015
log-regression,3864086175,1587026404993,1587026401129
log-regression,3967353364,1587026408961,1587026404993
log-regression,4004897320,1587026412966,1587026408961
log-regression,3847754039,1587026416814,1587026412966
log-regression,3913533564,1587026420727,1587026416814
log-regression,3963396501,1587026424691,1587026420727
log-regression,3876011845,1587026428567,1587026424691
movie-lens,19075730735,1587026585227,1587026566151
movie-lens,14505654837,1587026599733,1587026585227
movie-lens,14605149264,1587026614338,1587026599733
movie-lens,14281993510,1587026628620,1587026614338
movie-lens,14307185259,1587026642927,1587026628620
movie-lens,14249366788,1587026657177,1587026642927
movie-lens,14388705795,1587026671565,1587026657177
movie-lens,14231476520,1587026685797,1587026671566
movie-lens,14234399110,1587026700031,1587026685797
movie-lens,13673964499,1587026713706,1587026700032
movie-lens,14185058324,1587026727891,1587026713706
movie-lens,14507130142,1587026742398,1587026727891
movie-lens,14007316202,1587026756405,1587026742398
movie-lens,14068981205,1587026770474,1587026756405
movie-lens,14285693003,1587026784760,1587026770474
movie-lens,14146930009,1587026798907,1587026784760
movie-lens,14233840884,1587026813141,1587026798907
movie-lens,13842027824,1587026826983,1587026813141
movie-lens,14164853463,1587026841148,1587026826983
movie-lens,14011634210,1587026855160,1587026841148
neo4j-analytics,15865524126,1587027217588,1587027201722
neo4j-analytics,8126369123,1587027225714,1587027217588
neo4j-analytics,8229287204,1587027233944,1587027225714
neo4j-analytics,8307633721,1587027242251,1587027233944
neo4j-analytics,8398539234,1587027250650,1587027242251
neo4j-analytics,8565533054,1587027259216,1587027250650
neo4j-analytics,7740898931,1587027266957,1587027259216
neo4j-analytics,8630773366,1587027275588,1587027266957
neo4j-analytics,7728795238,1587027283316,1587027275588
neo4j-analytics,7937521296,1587027291254,1587027283317
neo4j-analytics,7890928877,1587027299145,1587027291254
neo4j-analytics,7377797298,1587027306523,1587027299145
neo4j-analytics,7742036933,1587027314265,1587027306523
neo4j-analytics,9564191116,1587027323830,1587027314265
neo4j-analytics,8847506159,1587027332677,1587027323830
neo4j-analytics,8205499284,1587027340883,1587027332677
neo4j-analytics,7399954880,1587027348283,1587027340883
neo4j-analytics,7420247769,1587027355703,1587027348283
neo4j-analytics,7371544556,1587027363075,1587027355703
neo4j-analytics,7746280150,1587027370821,1587027363075
finagle-http,9954962350,1587025906753,1587025896795
finagle-http,4481014497,1587025911237,1587025906753
finagle-http,4193265810,1587025915444,1587025911237
finagle-http,4183802358,1587025919630,1587025915444
finagle-http,4521370635,1587025924164,1587025919631
finagle-http,4237781186,1587025928405,1587025924164
finagle-http,4247351131,1587025932656,1587025928405
finagle-http,4037261072,1587025936697,1587025932656
finagle-http,4121103268,1587025940820,1587025936697
finagle-http,4289844221,1587025945111,1587025940820
finagle-http,4195711507,1587025949309,1587025945112
finagle-http,4188469994,1587025953499,1587025949309
